{"cameraMode":{"drawMode":0,"name":"Shaded","section":"Shading Mode"},"sceneLighting":true,"audioPlay":false,"sceneViewState":{"showFog":true,"showMaterialUpdate":false,"showSkybox":true,"showFlares":true,"showImageEffects":true,"showParticleSystems":true},"in2DMode":false,"pivot":{"x":-7.744812965393066,"y":1.317285180091858,"z":29.32564926147461},"rotation":{"x":-0.26516997814178469,"y":-0.588356077671051,"z":0.21264377236366273,"w":-0.7336966395378113},"size":2.2891077995300295,"orthographic":false}