{"cameraMode":{"drawMode":0,"name":"Shaded","section":"Shading Mode"},"sceneLighting":true,"audioPlay":false,"sceneViewState":{"showFog":true,"showMaterialUpdate":false,"showSkybox":true,"showFlares":true,"showImageEffects":true,"showParticleSystems":true},"in2DMode":false,"pivot":{"x":-36.46021270751953,"y":2.0921084880828859,"z":-15.31836223602295},"rotation":{"x":-0.1480230689048767,"y":0.1494881957769394,"z":-0.022666780278086664,"w":-0.9773805141448975},"size":3.661914825439453,"orthographic":false}