{"cameraMode":{"drawMode":0,"name":"Shaded","section":"Shading Mode"},"sceneLighting":true,"audioPlay":false,"sceneViewState":{"showFog":true,"showMaterialUpdate":false,"showSkybox":true,"showFlares":true,"showImageEffects":true,"showParticleSystems":true},"in2DMode":false,"pivot":{"x":10.776031494140625,"y":5.73508358001709,"z":-9.509998321533204},"rotation":{"x":0.24328097701072694,"y":0.2351784110069275,"z":-0.06092841550707817,"w":0.9390413761138916},"size":14.563847541809082,"orthographic":false}