{"cameraMode":{"drawMode":0,"name":"Shaded","section":"Shading Mode"},"sceneLighting":true,"audioPlay":false,"sceneViewState":{"showFog":true,"showMaterialUpdate":false,"showSkybox":true,"showFlares":true,"showImageEffects":true,"showParticleSystems":true},"in2DMode":false,"pivot":{"x":-23.053932189941408,"y":5.278952121734619,"z":-13.491817474365235},"rotation":{"x":-0.3073459565639496,"y":-0.39428091049194338,"z":0.14184662699699403,"w":-0.8544186353683472},"size":13.79263973236084,"orthographic":false}