{"cameraMode":{"drawMode":0,"name":"Shaded","section":"Shading Mode"},"sceneLighting":true,"audioPlay":false,"sceneViewState":{"showFog":true,"showMaterialUpdate":false,"showSkybox":true,"showFlares":true,"showImageEffects":true,"showParticleSystems":true},"in2DMode":false,"pivot":{"x":-34.41448211669922,"y":1.8787440061569214,"z":-23.86448860168457},"rotation":{"x":0.14498674869537354,"y":0.0023708082735538484,"z":-0.00035367143573239446,"w":0.9894374012947083},"size":2.2340400218963625,"orthographic":false}