{"cameraMode":{"drawMode":0,"name":"Shaded","section":"Shading Mode"},"sceneLighting":true,"audioPlay":false,"sceneViewState":{"showFog":true,"showMaterialUpdate":false,"showSkybox":true,"showFlares":true,"showImageEffects":true,"showParticleSystems":true},"in2DMode":false,"pivot":{"x":-35.7124137878418,"y":2.144625186920166,"z":-19.22577667236328},"rotation":{"x":0.2703133225440979,"y":-0.2828764319419861,"z":0.08345241844654083,"w":0.9165135622024536},"size":7.016316890716553,"orthographic":false}