{"cameraMode":{"drawMode":0,"name":"Shaded","section":"Shading Mode"},"sceneLighting":true,"audioPlay":false,"sceneViewState":{"showFog":true,"showMaterialUpdate":false,"showSkybox":true,"showFlares":true,"showImageEffects":true,"showParticleSystems":true},"in2DMode":false,"pivot":{"x":-32.789955139160159,"y":2.9377570152282717,"z":-25.59246063232422},"rotation":{"x":-0.10260555148124695,"y":-0.2695940136909485,"z":0.028949186205863954,"w":-0.9570987820625305},"size":2.9287474155426027,"orthographic":false}