{"cameraMode":{"drawMode":0,"name":"Shaded","section":"Shading Mode"},"sceneLighting":true,"audioPlay":false,"sceneViewState":{"showFog":true,"showMaterialUpdate":false,"showSkybox":true,"showFlares":true,"showImageEffects":true,"showParticleSystems":true},"in2DMode":false,"pivot":{"x":-34.82634735107422,"y":-0.3872032165527344,"z":-25.558889389038087},"rotation":{"x":-0.0007562497048638761,"y":-0.9971885085105896,"z":0.0743260458111763,"w":-0.010175889357924462},"size":24.896217346191408,"orthographic":false}